Method,C-Index,AUC 5yr,AUC 10yr,Brier 5yr,Brier 10yr
Cross Validation,0.7937594727602962,0.8439290609287846,0.8366347427683879,0.14591811154031112,0.186626205150231
Unseen Data,0.776495278069255,0.7993949797033342,0.8480498952218408,0.12059928977041354,0.16481774518069506
