Method,C-Index,AUC 5yr,AUC 10yr,Brier 5yr,Brier 10yr
Cross Validation,0.7909290991056385,0.8443380378026163,0.7966102469879615,0.13954964620584248,0.19061319320550707
Unseen Data,0.7722980062959076,0.7952044950232663,0.8480498952218408,0.1206069762922741,0.16838703355077786
