Method,C-Index,Average B-Score,Average AUC
Cross Validation,0.7876529065186467,0.18472033874141644,0.8326151412633148
Unseen Data,0.7681007345225603,0.2232599468850741,0.6786475615776382
