Method,C-Index,Average B-Score,5 year B-Score,10 year B-Score,Average AUC,5 year AUC,10 year AUC
Cross Validation,0.802024038894519,0.16638448361508762,0.1387701126670015,0.19399885456317373,0.8293672610905374,0.8455987700819542,0.7890439049139149
Unseen Data,0.8216159496327388,0.15383290579572284,0.10606325074000993,0.20160256085143577,0.796813825353878,0.8994754382020584,0.7165828233201044
