Method,C-Index,Average B-Score,5 year B-Score,10 year B-Score,Average AUC,5 year AUC,10 year AUC
Cross Validation,0.7826312500006282,0.17644301894070516,0.14958397241604585,0.20330206546536447,0.8148019352666538,0.8312368962462526,0.771139610580108
Unseen Data,0.7838405036726128,0.17772572704604173,0.11865669835376197,0.23679475573832146,0.7547128025563965,0.8809595193809199,0.6560498231496289
