Method,C-Index,AUC 5yr,AUC 10yr,Brier 5yr,Brier 10yr
Cross Validation,0.7909290991056385,0.8443380378026163,0.7966102469879615,0.13954964620584248,0.19061319320550707
Unseen Data,0.7869884575026233,0.8255170853520839,0.7143268865322832,0.12445904168832264,0.15542975182428467
