Method,C-Index,Average B-Score,5 year B-Score,10 year B-Score,Average AUC,5 year AUC,10 year AUC
Cross Validation,0.7729892880606127,0.17675315479109832,0.1505133978085226,0.202992911773674,0.8091810038748198,0.821037595016392,0.7859031485128936
Unseen Data,0.7838405036726128,0.17772572704604173,0.11865669835376197,0.23679475573832146,0.7547128025563965,0.8809595193809199,0.6560498231496289
