Method,C-Index,Average B-Score,Average AUC
Cross Validation,0.8226114136979825,0.12090832201787138,0.8634531010931068
Unseen Data,0.8199339207048458,0.10772316017810352,0.8854794999004347
