Method,C-Index,Average B-Score,Average AUC
Cross Validation,0.8225654425921695,0.12639345238792288,0.8719246535189187
Unseen Data,0.8259911894273128,0.11771068094594883,0.9031661850885443
