Method,C-Index,Average B-Score,Average AUC
Cross Validation,0.8274947822148025,0.12253294922505717,0.8665529825607159
Unseen Data,0.8237885462555066,0.1081564805741314,0.8945549948696275
