Method,C-Index,Average B-Score,Average AUC
Cross Validation,0.8226114136979825,0.12090832201787138,0.8634531010931068
Unseen Data,0.8210352422907489,0.12066881835700503,0.9000320381114858
