,age_at_diagnosis_in_years,tnm_stage,tnm.t,tnm.n,tnm.m,rfs_event,rfs_months,os_event,os_months,mmr_status,cimp_status,cin_status,CMS
count,455.0,455.0,455.0,455.0,455.0,455.0,455.0,455.0,455.0,455.0,455.0,455.0,455.0
mean,67.43714285714286,2.4395604395604398,3.1516483516483516,0.6593406593406593,0.006593406593406593,0.3054945054945055,54.03956043956044,0.3098901098901099,62.11648351648352,0.14505494505494507,0.16923076923076924,0.8131868131868132,1.8615384615384616
std,13.02854053494621,0.49687993942445385,0.48441859364440437,0.8681818083892698,0.10473608305161657,0.46112356494800927,39.940905905651036,0.46295710714033683,38.11797205747584,0.3525438505745271,0.37536833824863136,0.3901905078610236,1.3604522141705986
min,22.0,2.0,1.0,0.0,0.0,0.0,0.0,0.0,2.0,0.0,0.0,0.0,0.0
25%,59.0,2.0,3.0,0.0,0.0,0.0,20.0,0.0,33.0,0.0,0.0,1.0,1.0
50%,69.0,2.0,3.0,0.0,0.0,0.0,49.0,0.0,56.0,0.0,0.0,1.0,1.0
75%,76.2,3.0,3.0,1.0,0.0,1.0,78.0,1.0,82.5,0.0,0.0,1.0,3.0
max,97.0,3.0,4.0,4.0,2.0,1.0,201.0,1.0,201.0,1.0,1.0,1.0,4.0
